company_web_domain,company_locality,company_region,company_postal_code
ups.com,Atlanta,GA,30328
wmg.com,New York,New York,10019
roblox.com,San Mateo,CALIFORNIA,94403
sundt.com,Tempe,AZ,85282
beckmancoulter.com,Brea,California,92821
upstart.com,San Mateo,CA,94403
brookfield.com,Toronto,NEW YORK,10281
capitalgroup.com,Los Angeles,CA,90071
northwell.edu,Lake Success,NY,11042
expresspros.com,Rochester Hills,Michigan,48307
rivian.com,Irvine,CA,92618
forrester.com,Cambridge,MA,02140
havi.com,Chicago,Illinois,60607
marshmclennan.com,New York,NY,10036
xoriant.com,"Sunnyvale, CA",California,94089 
microsoft.com,Redmond,Washington,98052
microsoft.com,Redmond,WASHINGTON,98052
frontier.com,Norwalk,CT,06851
delawarenorth.com,Buffalo,NY,14202
brightmachines.com,San Francisco,CALIFORNIA,94107
prim.com,Dallas,TX,75201
skechers.com,Manhattan Beach,CALIFORNIA,90266
workday.com,Pleasanton,California,94588
wa.gov,Olympia,Washington,98501
providence.org,Renton,WA,98057
lidl.com,Arlington,Virginia,22202
vizientinc.com,Irving,Texas,75062
rakuten.com,San Mateo,California,94402
netflix.com,Los Gatos,CA,
netflix.com,Los Gatos,CA,
infoblox.com,Santa Clara,CALIFORNIA,95054
expresspros.com,Meriden,CT,06450
dxc.com,Ashburn,VIRGINIA,20147
bannerhealth.com,Phoenix,AZ,85012
csu.edu,Chicago,IL,60628-1598
sovrn.com,Boulder,Colorado,80301
stanford.edu,Stanford,California,94305
amd.com,Santa Clara,CALIFORNIA,95054
gmfinancial.com,Fort Worth,Texas,76102
saic.com,Reston,VA,20190
point72.com,Stamford,Connecticut,06902
xoriant.com,Sunnyvale,CA,94089
adp.com,Denver,Colorado,80237
expresspros.com,Lynnwood,Washington,
boeing.com,Arlington,VA,22202
sorenson.com,Salt Lake City,UT,84123
ticketmaster.com,Beverly Hills,California,90210
gmfinancial.com,Fort Worth,TEXAS,76102
healthcatalyst.com,South Jordan,Utah,84095
exactsciences.com,Madison,WISCONSIN,53719
edelman.com,New York,NY,10013
nikon.com,Belmont,CA,94002
pilot.com,San Francisco,California,94111
chegg.com,Santa Clara,CA,95054
accuweather.com,State College,PA,16803
sdggroup.com,Bedminster ,New Jersey,07921
conaservices.com,Atlanta,Georgia,30309
lexisnexis.com,Alpharetta,GA,30005
kellyservices.com,Troy,Michigan,48084
nvidia.com,Santa Clara,California,95051
expresspros.com,Temple,Texas,76501
stanford.edu,Palo Alto,CA,94305
tuftsmedicalcenter.org,Boston,MA,02111
adp.com,Roseland,New Jersey,07068
statefarm.com,Bloomington,Illinois,61710
chevronfcu.org,Concord,California,94520
bose.com,Framingham,MASSACHUSETTS,01701
atlantaga.gov,Atlanta,Georgia,30303
bloomberg.com,New York,NY,10022
centene.com,Saint Louis,MO,63105
xorbix.com,Milwaukee,Wisconsin,53202
jnj.com,New Brunswick,NJ,08903
cableone.net,Phoenix,AZ,85012
averydennison.com,Mentor,OHIO,
tuftsmedicalcenter.org,Boston,MA,02111
pivotbio.com,Berkeley,CA,94710
crunchyroll.com,Culver City,CA,90232
mskcc.org,New York,NY,10065
autodesk.com,San Francisco,CA,94111
onsemi.com,Phoenix,ARIZONA,85008
ice.com,Atlanta,GA,
sleepnumber.com,Minneapolis,Minnesota,55404
federalreserve.gov,Washington,DC,20551
stanford.edu,Stanford,CA,94305
falconx.io,San Mateo,California,94404
expresspros.com,Charlotte,North Carolina,28226
exlservice.com,New York,NY,10022
omron.com,Hoffman Estates,IL,60169
epsilon.com,Irving,Texas,75039
zillow.com,Seattle,Washington,
paloaltonetworks.com,SANTA CLARA,CA,95054
turnerconstruction.com,New York,NY,10014
spglobal.com,New York,NY,10041
fda.gov,Silver Spring,MD,20993
worldbank.org,Washington,DC,20433
cisco.com,San Jose,CA,95134
coinbase.com,Remote First,,
expresspros.com,Brighton | Dearborn | Monroe | Tecumseh,Michigan,
ornl.gov,Oak Ridge,TN,37831
blackstone.com,New York,NY,10154
varian.com,Palo Alto,CA,94304-1030
corning.com,Corning,New York,14831
wa.gov,Olympia,Washington,98501
bal.com,Richardson,Texas,75082
nvidia.com,Santa Clara,CA,95050
cdata.com,Chapel Hill,NC,27517
verisk.com,Jersey City,NJ,07310
fedex.com,Memphis,Tennessee,38103
comcast.com,Philadelphia,PA,19103
campbellsoupcompany.com,Camden,NJ,08103
acxiom.com,Conway,Arkansas,72032
syneoshealth.com,Morrisville,NC,27560
expresspros.com,San Diego,California,92121
premierinc.com,Charlotte,NC,28277
lexisnexis.com,New York City,NY,10017
lacapm.com,Los Angeles,CA,90025
rtx.com,Arlington,VA,
mathworks.com,Natick,MA,01760
alation.com,Redwood City,CALIFORNIA,94065
ercot.com,Taylor,TX,76574
jpmorganchase.com,New York,NY,10017-2014
cornerstoneondemand.com,Santa Monica,CA,90404
bridgewater.com,Westport,Connecticut,06880
ivanti.com,South Jordan,UT,84095
simplot.com,Boise,ID,83702
expresspros.com,Raleigh,North Carolina,27612
unitedhealthgroup.com,,,
ticketmaster.com,Beverly Hills,California,90210
nih.gov,Bethesda,MD,20892
apple.com,San Francisco,California,94105
exlservice.com,New York,NY,10022
nm.org,Chicago,Illinois,60611
bdo.com,Chicago,IL,60611
wa.gov,Olympia,Washington,98501
norfolksouthern.com,Atlanta,Georgia,30308
jhu.edu,Baltimore,MD,21205-2179
gapinc.com,San Francisco,California,94105
citigroup.com,New York,NEW YORK,10013
chainalysis.com,New York,New York,
doubleverify.com,New York,NY,10013
sleepnumber.com,San Jose,California,95113
costco.com,Issaquah,WA,
f5.com,Seattle,WASHINGTON,98104
masterelectronics.com,Phoenix,AZ,85034
nexteraenergy.com,St Paul,Minnesota,55107
onetrust.com,Atlanta,Georgia,30328
healthpartners.com,Bloomington,Minnesota,55425
texasrangers.com,Arlington,Texas,76011
missionwired.com,Washington,District of Columbia,20001
tamu.edu,College Station,TEXAS,77843
allegisgroup.com,Hanover,Maryland,21076
ssmhealth.com,St Louis,Missouri,63132
molsoncoors.com,Chicago,Illinois,60606
dteenergy.com,Detroit,MICHIGAN,48202
hpe.com,Houston,TEXAS,77070
expresspros.com,Covington,Louisiana,70433
elevancehealth.com,Indianapolis,Indiana,46204
devonenergy.com,Oklahoma City,OKLAHOMA,73102-5010
centene.com,Saint Louis,MO,63105
amerisure.com,Farmington Hills,MI,48331
digitas.com,Boston,Massachusetts,02109
instacart.com,San Francisco,CA,94105
playstation.com,San Mateo,CA,94404
harman.com,Stamford,CT,06901
servicenow.com,Santa Clara,CA,95054
mscience.com,New York,NY,10010
suncountry.com,Minneapolis,Minnesota,55450-1131
turnerconstruction.com,New York,NY,10014
mfganalytic.com,Friendswood,Texas,77549
equitable.com,New York,NY,10019
regeneron.com,Tarrytown,New York,10591
harman.com,Stamford,CT,06901
pressganey.com,South Bend,IN,46601
augustschell.com,Rockville,MD,20850
apixio.com,San Mateo,California,94404
zoom.us,San Jose,CA,95113
stonex.com,New York,NY,
sbasite.com,Boca Raton,Florida,33487
instructure.com,Salt Lake City,Utah,84121
highmarkhealth.org,Pittsburgh,Pennsylvania,
crowncastle.com,Houston,TX,77057
kp.org,Oakland,California,94612
wesco.com,Pittsburgh,Pennsylvania,15219
boeing.com,Arlington,VA,22202
stanford.edu,Stanford,CA,94305
idexx.com,Westbrook,MAINE,04092
nih.gov,Bethesda,Maryland,20814
xoriant.com,"Sunnyvale, CA",California,94089 
abercrombie.com,Columbus,OH,
bechtel.com,Reston,Virginia,20190
evpassport.com,Venice,California ,90291
williams.com,Tulsa,OKLAHOMA,74103
samsclub.com, Bentonville,Arkansas,72712
tetrascience.com,Boston,MA,
mediaradar.com,New York,NY,10018
gapinc.com,New York,NY,10013
wa.gov,Tumwater,WA,98501
inl.gov,Idaho Falls,ID,83401
neurocrine.com,San Diego,CALIFORNIA,
vestcom.com,Little Rock,AR,72202
zenni.com,Novato,CA,94949
sap.com,Newtown Square,PA,19073
veeam.com,Columbus,Ohio,43240
samsclub.com,Bentonville,Arkansas,72712
amd.com,Santa Clara,California,95054
factset.com,Norwalk,CONNECTICUT,06850
jhu.edu,Baltimore,Maryland,21218
tri.global,Los Altos,CALIFORNIA,94022
siriusxm.com,New York,NY,10020
hcsc.com,Chicago,IL,60601
hopkinsmedicine.org,Baltimore,MD,21231
kp.org,Portland,Oregon,97232
hiya.com,Seattle,Washington,98101
expediagroup.com,Seattle,WA,98119
hsb.com,Hartford,CT,06102
ifc.org,Washington,DC,20433
microsoft.com,Redmond,Washington,98052
zirous.com,West Des Moines,IA,50266
unfi.com,Providence,RI,02908
molinahealthcare.com,Long Beach,California,90802
nauto.com,Palo Alto,California,94306
databricks.com,San Francisco,CA,94105
wbd.com,New York,,10003
brasfieldgorrie.com,Birmingham,AL,35233
ockam.io,San Francisco,California,94111
rvohealth.com,Charlotte,North Carolina,
gapinc.com,San Francisco,California,94105
adp.com,Brooklyn Park,Minnesota,55428
lexisnexis.com,New York City,NY,10017
sigmacomputing.com,San Francisco,California,94105
nov.com,Houston,Texas,77042
johnsnowlabs.com,Lewes,Delaware,19958
r1rcm.com,Murray,Utah,84123
humana.com,Louisville,Kentucky,
carparts.com,Torrance,California,90504
honeywell.com,Charlotte,NORTH CAROLINA,07950
omron.com,Hoffman Estates,IL,60169
qurateretailgroup.com,St. Petersburg,FL,33729
nih.gov,Bethesda,MD,20892
stonex.com,New York,NY,
a16z.com,Menlo Park,CA,94025
devonenergy.com,Oklahoma City,Oklahoma,73102-5010
wa.gov,Olympia,Washington,98504
nationwide.com,,,
fda.gov,Silver Spring,MD,20993
informatica.com,Redwood City,CA,94063
unitedhealthgroup.com,,,
data.ai,San Francisco,CA,94104 
nexteraenergy.com,Juno Beach,FL,33408
klaviyo.com,Boston,Massachusetts,02110
foxcorporation.com,Los Angeles,CA,90064
hopkinsmedicine.org,Baltimore,md,21205
acxiom.com,Conway,Arkansas,72032
fedex.com,Memphis,TN,38125
lexmark.com,Lexington,KENTUCKY,
affinityplus.org,Saint Paul,MN,55107
walmart.com,San Francisco Bay Area,CA,
cigna.com,Bloomfield,CT,06002
exlservice.com,New York,NY,10022
travelers.com,New York,NY,10017-2630
addepar.com,Mountain View,CALIFORNIA,94041
blackbaud.com,Charleston,South Carolina,29492
batchservice.com,Tempe,Arizona,85282
modmed.com,Boca Raton,Florida,33431
fundrise.com,Washington,District of Columbia,20036
bayer.com,St Louis,Missouri,
halliburton.com,Houston,TEXAS,77032
state.gov,Washington,DC,20520
bamboohr.com,Portland,OR,97266
riskified.com,New York,NY,10001
bal.com,Richardson,Texas,75082
statestreet.com,Boston,Massachusetts,02111
promega.com,Madison,WI,53711
microsoft.com,Redmond,Washington,98052
targetedvictory.com,Arlington,Virginia,22201
racetrac.com,Atlanta,Georgia,30339
eversource.com,Hartford,Connecticut,06103
employbridge.com,Atlanta,GA,30338
pressganey.com,South Bend,IN,46601
lidl.com,Arlington,Virginia,22202
lockton.com,Kansas City,MO,64112
lidl.com,Arlington,Virginia,22202
sayari.com,Washington,DC,
valvoline.com,Lexington,Kentucky,40509
assurant.com,New York,NY,10006
verisk.com,Jersey City,NJ,07310
syneoshealth.com,Morrisville,NC,27560
bcbsla.com,Baton Rouge,LA,70809
nyulangone.org,New York,NY,10016
tamu.edu,College Station,TX,77843
bamboohr.com,Hercules,CA,94547
nexteraenergy.com,Juno Beach,Florida,
abbvie.com,North Chicago,Illinois,60064
mars.com,McLean,VIRGINIA,22101
southerncompany.com,Atlanta,GA,30308
njm.com,West Trenton,NJ,08628
qurateretailgroup.com,West Chester,PENNSYLVANIA,19380
juniper.net,Sunnyvale,CA,94089
reynoldsamerican.com,,,
vanderbilthealth.com,Nashville,Tennessee,37203
valuemomentum.com,Piscataway,NJ,08854
uncg.edu,Greensboro,nc,27402-6170
crai.com,Boston,MA,02116
nexteraenergy.com,Juno Beach,Florida,
mercer.com,New York,NY,10036
capitalone.com,McLean,Va,22102
cleco.com,Pineville,Louisiana,71360
exxonmobil.com,,,
advantagesolutions.net,Irvine,California,92618
niagarawater.com,Diamond Bar,California,91765
daugherty.com,St Louis,Missouri,63141
cj.com,Santa Barbara,CALIFORNIA,93103
playstation.com,San Mateo,California,94404
8451.com,Cincinnati,OHIO,45202
adp.com,West Point,Georgia,31833
iterable.com,San Francisco,California,94105
draftkings.com,Boston,Massachusetts,02116
wa.gov,Tumwater,Washington,98501
bamboohr.com,Lindon,UT,84042-1911
hopkinsmedicine.org,Baltimore,md,21205
suncountry.com,Minneapolis,Minnesota,55450-1131
cableone.net,Phoenix,AZ,85012
reply.com,Auburn Hills,Michigan,48326
amazon.com,Seattle,WA,98019
travelers.com,New York,NY,10017-2630
idbinvest.org,Washington,District of Columbia,20577
cliniciannexus.com,Minneapolis,Minnesota,55401
stanfordhealthcare.org,Palo Alto,California,94304
novelis.com,Atlanta,GA,30326
gm.com,Detroit,Michigan,48243
nc.gov,Raleigh,NC,27601
zebra.com,Lincolnshire,IL,60069
expediagroup.com,Seattle,WA,98119
hasbro.com,Pawtucket,RI,02861
caredx.com,Brisbane,California,94005
newellbrands.com,Atlanta,GA,30328
fda.gov,Silver Spring,MD,20993
stanford.edu,Stanford,,
marshmclennan.com,New York,NY,10036
calstrs.com,West Sacramento,CA,95605
spglobal.com,New York,NY,10041
mckinsey.com,,,
techtarget.com,Newton,MA,02466
mcdonalds.com,Chicago,Illinois,60607
onehouse.ai,Menlo Park,California,94025
f5.com,Seattle,WASHINGTON,98104
walmart.com,San Francisco Bay Area,CA,
navyfederal.org,Vienna,VA,22180
churchofjesuschrist.org,Salt Lake City,UT,84150
gerdau.com,Tampa,Florida,33607
adobe.com,San Jose,CA,95110-2704
americanexpress.com,New York,NY,10285
cytokinetics.com,South San Francisco,California,94080
stanford.edu,Stanford,CA,94305
pattonlabs.com,Wixom,,
cornerstoneondemand.com,Santa Monica,CA,90404
wolferesearch.com,New York,NY, 10017
slalom.com,Seattle,WA,98104
aldi.us,Batavia,ILLINOIS,60510
appliedmaterials.com,Santa Clara,CA,95054
edelman.com,New York,NY,10013
percepta.com,Dearborn,Michigan,48126
digitas.com,Boston,Massachusetts,02109
capitalone.com,McLean,Va,22102
bldr.com,Dallas,TX,75201
cornerstoneondemand.com,Santa Monica,CA,90404
sutterhealth.org,Sacramento,CALIFORNIA,95833
domo.com,American Fork,UT,84003
sonatype.com,Fulton,MD,20759
abacusinsights.com,Boston,Massachusetts,02109
fedex.com,Coraopolis,Pennsylvania,15108
shi.com,Somerset,NJ,08873
nc.gov,Raleigh,NC,
digitalturbine.com,Austin,Texas,78701
wa.gov,Olympia,Washington,
actian.com,Sunnyvale,CA,94085
cisco.com,San Jose,CA,95134
unfi.com,Providence,RI,02908
burnsmcd.com,Kansas City,Missouri,64114
syneoshealth.com,Morrisville,NC,27560
textron.com,Providence,RI,02903
kp.org,Rockville,Maryland,20852
nyulangone.org,New York,NY,10016
hpe.com,Houston,TEXAS,77070
firstam.com,Santa Ana,California,92707
amd.com,Santa Clara,California,95054
omron.com,Hoffman Estates,IL,60169
tdcowen.com,New York,NY,10022
ideapublicschools.org,Weslaco,Texas,78596
humboldt.edu,Arcata,ca,0000
verisk.com,Jersey City,NJ,07310
fticonsulting.com,"Washington, DC",,20004
dana-farber.org,Boston,MA,02215
livenationentertainment.com,Beverly Hills,CALIFORNIA,90210
unity.com,San Francisco,,94103
definitivehc.com,Framingham,Massachusetts,01701
turnerconstruction.com,New York,NY,10014
publicissapient.com,Boston,Massachusetts,02109
draftkings.com,Boston,Massachusetts,02116
nationwide.com,,,
oshkoshcorp.com,Oshkosh,Wisconsin,54902
coastalbank.com,Everett,WA,98203
cocacolaflorida.com,Tampa,FL,33610
cascorp.com,Fairview,OR,97204
oneoncology.com,Nashville,Tennessee,37219
dataiku.com,New York,NEW YORK,10010
gm.com,Detroit,Michigan,48243
amperity.com,Seattle,Washington,98104
navitaire.com,Minneapolis,MN,55402
aldevron.com,Fargo,North Dakota,58104
chainalysis.com,New York,New York,
nm.org,Chicago,Illinois,60611
mckinsey.com,,,
ncdot.gov,Raleigh,NC,27601
zs.com,Evanston,IL,60201
wbd.com,Burbank,CA,91522
visa.com,Foster City,California,
exlservice.com,New York,NY,10022
gerdau.com,Tampa,FLORIDA,33607
forian.com,Newtown,Pennsylvania,18940
zoetis.com,Parsippany,NJ,07054
mural.co,San Francisco,California,94108
santeecooper.com,Moncks Corner,SC,29461-2901
sheetz.com,Altoona,PA,16602
xylem.com,Rye Brook,New York,10573
exlservice.com,New York,NY,10022
santeecooper.com,Moncks Corner,SC,29461-2901
expresspros.com,Watertown,Wisconsin,53098
avnet.com,Phoenix,AZ,85034
wesco.com,Pittsburgh,Pennsylvania,15219
twilio.com,San Francisco,California,94105
suffolk.com,Boston,Massachusetts,02119
obsidiansecurity.com,Newport Beach,CALIFORNIA,
expresspros.com,Boxborough,MA,01719
celerdata.com,San Francisco,,
capitalgroup.com,Los Angeles,CA,90071
wa.gov,Olympia,Washington,98501
carto.com,New York,New York,10016
schreiberfoods.com,Green Bay,WISCONSIN,54301
juniper.net,Sunnyvale,CA,94089
lacounty.gov,Los Angeles,,
dnb.com,Jacksonville,FL,32256
nih.gov,Bethesda,MD,20892
amazon.com,San Francisco,California,94105
ideapublicschools.org,Weslaco,TEXAS,78596
autodesk.com,San Rafael,CA,94903
callawaygolf.com,Carlsbad,California,
disqo.com,Glendale,CALIFORNIA,91203
tamu.edu,College Station,Texas,77843
amazon.com,Seattle,WA,98019
reltio.com,Redwood Shores,CA,94065
wgu.edu,Salt Lake City,UT,84107
point72.com,New York,New York,10001
lumen.com,Monroe,Louisiana ,71203
condenast.com,New York,NY,10007
nike.com,Beaverton,OR,97005
vytalizehealth.com,Hoboken,New Jersey,07030
wa.gov,Tumwater,Washington,98501
usbank.com,Minneapolis,MN,55402
autodesk.com,San Rafael,CA,94903
toyota.com,Plano,TX,75024
scientificdrilling.com,Houston,Texas,77060
wellsfargo.com,San Francisco,California,94103
usps.com,Washington,D.C.,20260
mondelezinternational.com,Greater Chicago Area,IL,60015
epsilon.com,Irving,Texas,75039
summitpartners.com,Boston,MA,02116
verisk.com,Jersey City,NJ,07310
exactsciences.com,Madison,WISCONSIN,53719
nationwide.com,,,
enverus.com,Austin,Texas,78746
chevron.com,San Ramon,CA,94583
schwab.com,Westlake,Texas,76262
people.ai,Redwood City,CALIFORNIA,94065
barrywehmiller.com,Saint Louis,MO,63105
epicgames.com,Cary,NC,
nexteraenergy.com,Juno Beach,FL,33408
lamresearch.com,Fremont,CA,94538
uwhealth.org,Madison,WI,53792
spglobal.com,New York,NY,10041
qurateretailgroup.com,West Chester,Pennsylvania,19380
heb.com,San Antonio,TX,78204
evercore.com,New York,NY,10055
bdo.com,Chicago,IL,60611
tenable.com,Columbia,MD,21044
cisco.com,San Francisco,California,94158
unitedhealthgroup.com,,,
sonatype.com,Fulton,MD,20759
pindrop.com,Atlanta,Georgia,30318
firstenergycorp.com,Akron,OH,44308
instacart.com,San Francisco,CA,94105
abercrombie.com,New Albany,Ohio,43054
everestre.com,Warren,New Jersey, 07059
petsmart.com,Phoenix,ARIZONA,85027
doubleverify.com,New York,,
richmondfed.org,Richmond,VA,23219
okta.com,San Francisco,California,94105
uta.edu,Arlington,TX,76013
lightning.engineering,San Francisco,California ,94117
apple.com,Cupertino,CALIFORNIA,95014
providence.org,Renton,WA,98057
evernorth.com,St. Louis ,,
nvidia.com,Santa Clara,CA,95050
lockton.com,Kansas City,MO,64112
cj.com,Santa Barbara,California,93103
toyotaconnected.com,Plano,Texas,
healthequity.com,Draper,UT,84020
ulta.com,Bolingbrook,IL,60440
att.com,Dallas,Texas,75202
1800contacts.com,Draper,Utah,
blueshieldca.com,Oakland,California,94607
hingehealth.com,San Francisco,California,94105
samsclub.com, Bentonville,Arkansas,72712
ultimatemedical.edu,Tampa,Florida,33612
pepsico.com,Purchase,NEW YORK,10577
doordash.com,San Francisco,California,
regeneron.com,Tarrytown,New York,10591
lexisnexis.com,Chandler,ARIZONA,85225
akronchildrens.org,Akron,Ohio,44308
goguardian.com,El Segundo,CALIFORNIA,90245
northwesternmutual.com,Milwaukee,WI,53202-4797
firstorion.com,North Little Rock,Arkansas,72114
wesco.com,Pittsburgh,PENNSYLVANIA,15219
expresspros.com,Rolling Meadows,Illinois,60008
adp.com,Roseland,NEW JERSEY,07068
expresspros.com,Red Wing,MN,55066
ppg.com,Pittsburgh,PA,15272
usg.com,Chicago,IL,60661
aarp.org,Washington,DC,20049
kp.org,Rockville,MARYLAND,20852
tencent.com,Palo Alto,California,94306
landstar.com,Jacksonville,Florida,32224
cnbc.com,Englewood Cliffs,NJ,07632
wa.gov,Olympia,WA,98504
dominos.com,Ann Arbor,MI,48106
devsisters.com,San Mateo,California,94402
anyscale.com,San Francisco,California,94105
ice.com,Atlanta,GA,
spglobal.com,New York,NY,10041
vineyardvines.com,Stamford,Connecticut,06902
sigmacomputing.com,San Francisco,California,94105
domo.com,American Fork,UT,84003
davidzwirner.com,New York,NY,10011
boozallen.com,McLean,VA,22102
uncg.edu,Greensboro,nc,27402-6170
asana.com,San Francisco,CALIFORNIA,94107
jpmorganchase.com,New York,NY,10017-2014
tamu.edu,College Station,Texas,77843
xoriant.com,"Sunnyvale, CA",California,94089 
techdata.com,Clearwater,Florida,33760
advantagesolutions.net,Irvine,CALIFORNIA,92618
xoriant.com,"Sunnyvale, CA",California,94089 
avnet.com,Phoenix,AZ,85034
costargroup.com,Washington,DC,20005
spglobal.com,New York,NY,10041
jenzabar.com,Boston,MA,02199
walmart.com,San Francisco Bay Area,CA,
uber.com,San Francisco,CALIFORNIA,94158
americanexpress.com,New York,NY,10285
pediatricassociates.com,Plantation,FL,33324
worldbank.org,Washington,DC,20433
instacart.com,San Francisco,CA,94105
calstate.edu,Long Beach,CA,90802
centivacapital.com,New York,New York,10001
uhc.com,Minnetonka,MN,55343
mastercard.com,Purchase,NY,10577
kellyservices.com,Troy,Michigan,48084
brasfieldgorrie.com,Birmingham,AL,35233
zoox.com,Foster City,California,94404
att.com,Dallas,TX,75202
jhu.edu,Baltimore,Maryland,21218
hertz.com,Estero,FL,33928
omron.com,Hoffman Estates,IL,60169
uplight.com,Boulder,CO,80301
chipotle.com,Newport Beach,California,92660
digitas.com,Boston,Massachusetts,02109
echostar.com,Englewood,CO,80112
toppanmerrill.com,New York,NEW YORK,10019
nhaschools.com,Grand Rapids,MI,49512
bose.com,Framingham,Massachusetts,01701
generac.com,Denver,Colorado,
pacers.com,Indianapolis,IN,46204
mercy.net,Chesterfield,Missouri,63017 
dominos.com,Ann Arbor,MI,48106
firstam.com,Santa Ana,CA,92707
wellsfargo.com,San Francisco,California,94103
americanexpress.com,New York,NY,10285
premierinc.com,Charlotte,NC,28277
firstam.com,Santa Ana,CA,92707
navyfederal.org,Vienna,VA,22180
newyorkfed.org,New York,NY,10045
wa.gov,Lacey,WA,98503
zscaler.com,San Jose,California,95134
sutterhealth.org,Sacramento,California,95833
lumen.com,Monroe,Louisiana ,71203
cpchem.com,Spring,Texas,77380
moodys.com,New York,NY,10007
crowncastle.com,Houston,TX,77057
flexera.com,Itasca,Illinois,60143
baldwinriskpartners.com,Tampa,Florida,33607
fticonsulting.com,"Washington, DC",,20004
curinos.com,New York,NY,10017
bloomberg.com,New York,NY,10022
armis.com,San Francisco,California,94104
frontier.com,Norwalk,CT,06851
campbellsoupcompany.com,Camden,NJ,08103
alteryx.com,Irvine,CA,92612
stockx.com,Detroit,Michigan,
uclahealth.org,Los Angeles,CA,90095
ripple.com,San Francisco,CA,94104
northwell.edu,Manhasset,New York,11030
eqt.com,Pittsburgh,PA,15222
avanade.com,Seattle,WASHINGTON,98101
unitedhealthgroup.com,,,
exxonmobil.com,,,
simplot.com,Boise,ID,83702
expresspros.com,Weston,Wisconsin,54476
pfizer.com,New York,NEW YORK,10017
costco.com,Seattle,WA,98134
everestre.com,Warren,New Jersey,07059
costco.com,Seattle,WA,98134
wa.gov,Olympia,WA,98504
amgen.com,Thousand Oaks,CA,91320
qventus.com,Mountain View,California,94043
reply.com,Atlanta,Georgia,30326
spglobal.com,New York,NY,10041
sbasite.com,Boca Raton,Florida,33487
connection.com,Merrimack,NH,03054
molsoncoors.com,Chicago,Illinois,60606
collectivehealth.com,San Mateo,California,94401
crisistextline.org,New York,New York,10010
nc.gov,Raleigh,NC,
ifc.org,Washington,DC,20433
nyulangone.org,New York,NY,10016
veeam.com,Columbus,Ohio,43240
blinkhealth.com,New York,NY,10018
anheuser-busch.com,St. Louis,MO,63118
freewheel.com,New York,NY,10018
expresspros.com,Honolulu,Hi,96817
zetaglobal.com,New York,New York,10016
amazon.com,Seattle,WA,98019
expresspros.com,Fort Worth,TX,76137
jhu.edu,Baltimore,md,21218-2688
g4s.com,Raleigh,North Carolina,27615
ovintiv.com,Denver,Colorado,
abercrombie.com,Columbus,OH,
elcompanies.com,New York,NY,10153
expresspros.com,Lakewood,Colorado,80215
aplaceformom.com,New York,NY - New York,10165
sleepnumber.com,Minneapolis,Minnesota,55404
bakerhughes.com,Houston,Texas,77073
esassoc.com,San Francisco,CA,94108
publix.com,Lakeland,Florida,33811
citigroup.com,New York,New York,10013
retool.com,San Francisco,California,94102
nexteraenergy.com,Juno Beach,FL,33408
augustschell.com,Rockville,MD,20850
dentsplysirona.com,Charlotte,North Carolina,28277
informatica.com,Redwood City,CA,94063
altrata.com,New York,NY,10020
stanford.edu,Stanford,California,94304
edwardjones.com,St. Louis,MO,63131
intel.com,Santa Clara,California,95052
gilead.com,Foster City,CA,94404
stripe.com,South San Francisco,California,94080
juniper.net,Sunnyvale,California,94089
bechtel.com,Reston,Virginia,20190
newmont.com,Denver,Colorado,80237
hsb.com,Hartford,CT,06102
crain.com,Detroit,Michigan ,48207-2997
heb.com,San Antonio,TX,78204
workday.com,Pleasanton,California,94588
johnhancock.com,Boston,MA,02210
wrenchgroup.com,Marietta,GA,30066
abbott.com,Abbott Park,Illinois,60064-3500
kpmg.com,New York,NY,10154
jpmorganchase.com,Wilmington,Delaware,19801
tamus.edu,College Station,TX,77840
expresspros.com,Keego Harbor,Michigan,48320
cpchem.com,Spring,TEXAS,77380
sayari.com,Washington,DC,
uwhealth.org,Middleton,WI,53562
gilead.com,Foster City,CA,94404
cisco.com,San Jose,CA,95134
apple.com,Boston,,
sutterhealth.org,Palo Alto,CA,94301
protegrity.com,Stamford,Connecticut,06902
jpmorganchase.com,New York,NY,10017-2014
employbridge.com,Atlanta,GA,30338
tiktok.com,Los Angeles,California,
archcapgroup.com,White Plains,NY,10601
mondelezinternational.com,Greater Chicago Area,IL,60607
omron.com,Hoffman Estates,IL,60169
walmart.com,San Bruno,CA,94066
edwardjones.com,St. Louis,MO,63131
resultant.com,Indianapolis,Indiana,46204
fda.gov,Silver Spring,MD,20993
nih.gov,Rockville,Maryland,20892
usthealthproof.com,Aliso Viejo,California,92656
redventures.com,Fort Mill,SC,29707
wellsfargo.com,San Francisco,California,94103
chick-fil-a.com,Atlanta,GA,30349
chick-fil-a.com,Atlanta,GA,30349
aplaceformom.com,New York,NY - New York,10165
kellyservices.com,Troy,Michigan,48084
stonex.com,New York,NY,
tredence.com,San Jose,California,95124
consumersenergy.com,Jackson,MICHIGAN,49201-2276
hubspot.com,Cambridge,Massachusetts,02141
adobe.com,Herndon,VA,20171
johndeere.com,Moline,IL,61265
nih.gov,Bethesda,MD,20892
appliedmaterials.com,Santa Clara,CA,95054
kpmg.com,New York,NY,10154
expresspros.com,Fort Lauderdale,Florida,33309
elevancehealth.com,Indianapolis,Indiana,46203
kiewit.com,Omaha,NE,68102
expresspros.com,Fitchburg,Wisconsin,53711
gohealth.com,Chicago,IL,60654
starbucks.com,Seattle,WA,98134
fidelity.com,Boston,MA,02210
textronsystems.com,Haslet,TEXAS,76177
statefarm.com,Bloomington,Illinois,61710
nih.gov,Bethesda,Maryland,20892
vizientinc.com,Irving,Texas,75062
siriusxm.com,Oakland,CA,94612
chegg.com,Santa Clara,CA,95054
friedkin.com,Houston,Texas,77077
dataiku.com,New York,NEW YORK,10010
burnsmcd.com,Kansas City,MO,64114
rockwellautomation.com,Milwaukee,WI,53204
bmc.com,Houston,Texas,77042
odysseylogistics.com,Danbury,Connecticut,06810
beyond.ai,Glendale,CA,91203
infinitive.com,Ashburn,Virginia,20147
njm.com,West Trenton,NJ,08628
paloaltonetworks.com,SANTA CLARA,California,95054
hp.com,Palo Alto,CA,94304
relativity.com,Chicago,IL,60604
pg.com,Cincinnati,Ohio,45202
providence.org,Irvine,CA,92612
excellusbcbs.com,Rochester,New York,14647
sayari.com,Washington,DC,
fedex.com,Memphis,Tennessee,
zs.com,Evanston,IL,60201
trin.net,Dallas,Texas,75254
hpe.com,Houston,Texas,77389
abbott.com,Abbott Park,ILLINOIS,60064-3500
alixpartners.com,New York,NY,10022
uspsoig.gov,Arlington,VA,22209-2020
8451.com,Cincinnati,Ohio,45202
missionwired.com,Washington,DISTRICT OF COLUMBIA,20001
varian.com,Palo Alto,CA,94304-1030
aviatrix.com,Santa Clara,California,95054
swirecc.com,Draper,Utah,84020
kiewit.com,Omaha,NE,68102
eversource.com,Hartford,Connecticut,06103
employbridge.com,Atlanta,GA,30338
lacounty.gov,Los Angeles,CA,90012
nih.gov,Bethesda,MD,20892
expresspros.com,Rochester Hills,Michigan,48307
expresspros.com,Cincinnati,Ohio,45251
gohealth.com,,,
microsoft.com,Redmond,Washington,98052
ksbe.edu,,,
gatesfoundation.org,Seattle,WA,98109
expresspros.com,Green Bay,Wisconsin,54304
afs.net,Shreveport,Louisiana,71106
fox.com,New York,New York,10036
jlg.com,McConnellsburg,PA,17233-9533
acuitybrands.com,Atlanta,GEORGIA,
outreach.io,Seattle,WASHINGTON,98119
firstam.com,Santa Rosa,CA,95407
premisehealth.com,Brentwood,TN,37027
sutterhealth.org,Sacramento,CALIFORNIA,95833
chick-fil-a.com,Atlanta,GA,30349
expresspros.com,Valdosta,GA,31601
newellbrands.com,Atlanta,GA,30328
generac.com,Waukesha,WI,53189
fedex.com,Memphis,TN,38125
alteryx.com,Irvine,CA,92612
stanford.edu,Menlo Park,California,94025
linklogistics.com,New York,NY,10016
veeva.com,Pleasanton,CA,94588
ncr.com,Atlanta,GEORGIA,30308
abercrombie.com,Columbus,OH,
condenast.com,New York,NY,10007
enlink.com,Dallas,TX,75201
royalcyber.com,Naperville,IL,60563
hertz.com,Estero,FL,33928
usps.com,Washington,D.C.,20260
stanfordhealthcare.org,Palo Alto,California,94304
syneoshealth.com,Morrisville,NC,27560
amplitude.com,San Francisco,California,94105
veeam.com,Columbus,Ohio,43240
pfizer.com,New York,New York,10017
snapone.com,Charlotte,NC,28273
coned.com,New York,NY,10003
caresource.com,Dayton,OH,45402
united.com,Chicago,IL,60606
anyscale.com,San Francisco,California,94105
spglobal.com,New York,NY,10041
airtable.com,San Francisco,CALIFORNIA,94102
ppg.com,Pittsburgh,PA,15272
fedex.com,Plano,TX,75024
capitalone.com,McLean,Va,22102
dropbox.com,San Francisco,CALIFORNIA,94158
usventure.com,Appleton,WI,54915
edwards.com,Irvine,CA,92614
va.gov,Washington,DC,20420
nordicglobal.com,Global,,
msxi.com,Detroit,MICHIGAN,MI 48226
atlantaga.gov,Atlanta,GA,30303
nielseniq.com,Chicago,Illinois,60606
childrensmercy.org,Kansas City,MO,64108
jhu.edu,Baltimore,md,21218-2688
dominos.com,Ann Arbor,MI,48106
nextdoor.com,San Francisco,California,94102
zebra.com,Lincolnshire,IL,60069
calstate.edu,Long Beach,CA,90802
elcompanies.com,New York,NY,10153
stackoverflow.com,New York,NY,10038
ballys.com,Providence,Rhode Island,02903
costargroup.com,Washington,DC,20005
marshmclennan.com,New York,NY,10036
ionispharma.com,Carlsbad,CA,92010
lendingclub.com,San Francisco,California,94105
aldi.us,Batavia,Illinois,60510
intel.com,Santa Clara,California,95052
cigna.com,Bloomfield,CT,06002
boozallen.com,McLean,VA,22102
verisk.com,North Reading,MA,01864
lexisnexis.com,Alpharetta,GA,30005
uta.edu,Arlington,TX,76013
corning.com,Corning,New York,14831
nordicglobal.com,Global,,
fda.gov,Silver Spring,MD,20993
healthpartners.com,St. Paul,MN,55101
logitech.com,Newark,California,94560
medtronic.com,Minneapolis,MN,55432-5604
hsb.com,Hartford,CT,06102
murphyusa.com,El Dorado,ARKANSAS,71730
ibotta.com,Denver,Colorado,80202
komodohealth.com,San Francisco,California,94107
nih.gov,Bethesda,Maryland,20817
ey.com,Boston,MA,02110
jpmorganchase.com,New York,NY,10017-2014
syndigo.com,Chicago,Illinois,60604
barracuda.com,Campbell,CA,95008
highmark.com,Pittsburgh,Pennsylvania,15222
jpmorganchase.com,New York,NY,10017-2014
expresspros.com,Northbrook,Illinois,60062
onsemi.com,Phoenix,ARIZONA,85008
veeam.com,Columbus,OHIO,43240
bayer.com,St Louis,Missouri,
aldevron.com,Fargo,NORTH DAKOTA,58104
sunbit.com,Los Angeles,California,90024
citigroup.com,New York,New York,10013
fedex.com,Uniontown,Ohio,44685
atscale.com,Boston,Massachusetts,
medicalsolutions.com,Omaha,NE,68114
walmart.com,San Francisco Bay Area,CA,
nextracker.com,Fremont,CA,94555
hopkinsmedicine.org,Hanover,Maryland,21076
mural.co,San Francisco,California,94108
qventus.com,Mountain View,CALIFORNIA,94043
altria.com,Richmond,VIRGINIA,23230
expresspros.com,Brighton | Dearborn | Monroe | Tecumseh,Michigan,
statestreet.com,Boston,Massachusetts,02111
westmonroe.com,Chicago,Illinois,60606
affirm.com,San Francisco,CALIFORNIA,94108
tri.global,Los Altos,California,94022
wbd.com,New York City,,
wbd.com,New York City,,
markel.com,Glen Allen,Virginia,23060
factset.com,Norwalk,CONNECTICUT,06850
abnormalsecurity.com,San Francisco,California,94107
ubiquity.com,New York,New York,10036
coursehero.com,Redwood City,California,94063
wa.gov,Olympia,Washington,98660-1003
wa.gov,Olympia,WA,98501
newmont.com,Denver,Colorado,80237
expresspros.com,San Diego,California,92111
wellsfargo.com,San Francisco,California,94103
idc.com,Needham,Massachusetts, 02494
instacart.com,San Francisco,CA,94105
